gelma_concentration,cure_adhesive,adhesive_concentration,light_cure_time,groove_angle,maxMises,maxPrincipal,minPrincipal,convergence
0.1000 ,LAP,0.0025 ,30,0,34890.9400 ,39004.3300 ,-5287.3600 ,TRUE
0.1000 ,LAP,0.0025 ,30,5,35123.9700 ,39035.9100 ,-4331.6300 ,TRUE
0.1000 ,LAP,0.0025 ,30,10,8018.8100 ,9049.1000 ,-1278.2100 ,FALSE
0.1000 ,LAP,0.0025 ,30,15,21165.6500 ,23353.6600 ,-2752.4700 ,FALSE
0.1000 ,LAP,0.0025 ,30,20,36314.8000 ,38649.1400 ,-5237.9200 ,TRUE
0.1000 ,LAP,0.0025 ,30,25,36640.1900 ,38325.9600 ,-4385.2700 ,TRUE
0.1000 ,LAP,0.0025 ,30,30,26907.6200 ,27564.1200 ,-4070.9400 ,FALSE
0.1000 ,LAP,0.0025 ,30,35,36153.0200 ,37911.5500 ,-4982.9800 ,TRUE
0.1000 ,LAP,0.0025 ,30,40,35359.8900 ,36111.2900 ,-3337.1600 ,TRUE
0.1000 ,LAP,0.0025 ,30,45,31414.3000 ,31562.2900 ,-3957.4700 ,FALSE
0.1000 ,LAP,0.0025 ,30,50,32614.4900 ,33712.9300 ,-4301.0000 ,TRUE
0.1000 ,LAP,0.0025 ,30,55,30866.9300 ,30723.9400 ,-3974.9000 ,TRUE
0.1000 ,LAP,0.0025 ,30,60,28834.0300 ,28880.3100 ,-3463.0100 ,TRUE
0.1000 ,LAP,0.0025 ,30,65,26208.0000 ,26591.6900 ,-2422.1100 ,TRUE
0.1000 ,LAP,0.0025 ,30,70,23978.2300 ,26161.3300 ,-1974.4300 ,TRUE
0.1000 ,LAP,0.0025 ,30,75,21000.1700 ,24068.2200 ,-1561.4400 ,FALSE
0.1000 ,LAP,0.0025 ,30,80,21354.1200 ,24534.0000 ,-1371.1800 ,TRUE
0.1000 ,LAP,0.0025 ,30,85,21042.1400 ,24060.1800 ,-1246.7000 ,TRUE
0.1000 ,LAP,0.0025 ,30,90,21159.9100 ,23365.0800 ,-1119.4500 ,TRUE
0.1000 ,LAP,0.0025 ,50,0,146067.5600 ,163287.8600 ,-22135.0100 ,TRUE
0.1000 ,LAP,0.0025 ,50,5,147043.1400 ,163420.0800 ,-18133.9700 ,TRUE
0.1000 ,LAP,0.0025 ,50,10,33569.9700 ,37883.1800 ,-5351.0900 ,FALSEALTER
0.1000 ,LAP,0.0025 ,50,15,88607.9500 ,97767.8700 ,-11522.9400 ,FALSE
0.1000 ,LAP,0.0025 ,50,20,152028.4100 ,161800.9100 ,-21928.0300 ,TRUE
0.1000 ,LAP,0.0025 ,50,25,153390.6400 ,160447.9500 ,-18358.5200 ,TRUE
0.1000 ,LAP,0.0025 ,50,30,112646.1800 ,115394.5200 ,-17042.5800 ,FALSE
0.1000 ,LAP,0.0025 ,50,35,151351.1400 ,158713.0500 ,-20860.7800 ,TRUE
0.1000 ,LAP,0.0025 ,50,40,148030.8100 ,151176.4200 ,-13970.7000 ,TRUE
0.1000 ,LAP,0.0025 ,50,45,131512.9400 ,132132.5200 ,-16567.5800 ,FALSE
0.1000 ,LAP,0.0025 ,50,50,136537.4200 ,141135.9200 ,-18005.7300 ,TRUE
0.1000 ,LAP,0.0025 ,50,55,129221.4300 ,128622.8200 ,-16640.5200 ,TRUE
0.1000 ,LAP,0.0025 ,50,60,120710.9000 ,120904.6400 ,-14497.5500 ,TRUE
0.1000 ,LAP,0.0025 ,50,65,109717.2500 ,111323.5700 ,-10139.9500 ,TRUE
0.1000 ,LAP,0.0025 ,50,70,100382.5500 ,109521.9100 ,-8265.7600 ,TRUE
0.1000 ,LAP,0.0025 ,50,75,87915.2000 ,100759.2800 ,-6536.8100 ,FALSE
0.1000 ,LAP,0.0025 ,50,80,89396.9800 ,102709.2400 ,-5740.3000 ,TRUE
0.1000 ,LAP,0.0025 ,50,85,88090.9100 ,100725.6400 ,-5219.1800 ,TRUE
0.1000 ,LAP,0.0025 ,50,90,88583.9400 ,97815.6600 ,-4686.4700 ,TRUE
0.1000 ,LAP,0.0025 ,70,0,58049.5900 ,64893.2100 ,-8796.8100 ,TRUE
0.1000 ,LAP,0.0025 ,70,5,58437.3000 ,64945.7600 ,-7206.7300 ,TRUE
0.1000 ,LAP,0.0025 ,70,10,13341.2400 ,15055.3900 ,-2126.6100 ,FALSE
0.1000 ,LAP,0.0025 ,70,15,35214.2200 ,38854.5200 ,-4579.4000 ,FALSE
0.1000 ,LAP,0.0025 ,70,20,60418.5300 ,64302.2700 ,-8714.5500 ,TRUE
0.1000 ,LAP,0.0025 ,70,25,60959.9000 ,63764.6000 ,-7295.9700 ,TRUE
0.1000 ,LAP,0.0025 ,70,30,44767.4000 ,45859.6400 ,-6773.0000 ,FALSE
0.1000 ,LAP,0.0025 ,70,35,60149.3800 ,63075.1100 ,-8290.4100 ,TRUE
0.1000 ,LAP,0.0025 ,70,40,58829.8200 ,60079.9300 ,-5552.1800 ,TRUE
0.1000 ,LAP,0.0025 ,70,45,52265.3500 ,52511.5900 ,-6584.2200 ,FALSE
0.1000 ,LAP,0.0025 ,70,50,54262.1600 ,56089.6800 ,-7155.7700 ,TRUE
0.1000 ,LAP,0.0025 ,70,55,51354.6700 ,51116.7700 ,-6613.2100 ,TRUE
0.1000 ,LAP,0.0025 ,70,60,47972.4500 ,48049.4500 ,-5761.5600 ,TRUE
0.1000 ,LAP,0.0025 ,70,65,43603.4000 ,44241.7700 ,-4029.7800 ,TRUE
0.1000 ,LAP,0.0025 ,70,70,39893.6400 ,43525.7700 ,-3284.9500 ,TRUE
0.1000 ,LAP,0.0025 ,70,75,34938.9100 ,40043.3500 ,-2597.8300 ,FALSE
0.1000 ,LAP,0.0025 ,70,80,35527.8000 ,40818.3000 ,-2281.2900 ,TRUE
0.1000 ,LAP,0.0025 ,70,85,35008.7400 ,40029.9900 ,-2074.1900 ,TRUE
0.1000 ,LAP,0.0025 ,70,90,35204.6800 ,38873.5200 ,-1862.4800 ,TRUE
0.1000 ,LAP,0.0025 ,90,0,52010.2700 ,58141.9000 ,-7881.6100 ,TRUE
0.1000 ,LAP,0.0025 ,90,5,52357.6400 ,58188.9800 ,-6456.9600 ,TRUE
0.1000 ,LAP,0.0025 ,90,10,11953.2600 ,13489.0600 ,-1905.3600 ,FALSE
0.1000 ,LAP,0.0025 ,90,15,31550.6300 ,34812.2000 ,-4102.9700 ,FALSE
0.1000 ,LAP,0.0025 ,90,20,54132.7500 ,57612.4400 ,-7807.9100 ,TRUE
0.1000 ,LAP,0.0025 ,90,25,54617.8000 ,57130.7000 ,-6536.9200 ,TRUE
0.1000 ,LAP,0.0025 ,90,30,40109.9200 ,41088.5200 ,-6068.3500 ,FALSE
0.1000 ,LAP,0.0025 ,90,35,53891.6000 ,56512.9500 ,-7427.9000 ,TRUE
0.1000 ,LAP,0.0025 ,90,40,52709.3200 ,53829.3800 ,-4974.5500 ,TRUE
0.1000 ,LAP,0.0025 ,90,45,46827.8100 ,47048.4200 ,-5899.2200 ,FALSE
0.1000 ,LAP,0.0025 ,90,50,48616.8700 ,50254.2600 ,-6411.3000 ,TRUE
0.1000 ,LAP,0.0025 ,90,55,46011.8700 ,45798.7200 ,-5925.1900 ,TRUE
0.1000 ,LAP,0.0025 ,90,60,42981.5200 ,43050.5100 ,-5162.1400 ,TRUE
0.1000 ,LAP,0.0025 ,90,65,39067.0200 ,39638.9800 ,-3610.5300 ,TRUE
0.1000 ,LAP,0.0025 ,90,70,35743.2100 ,38997.4600 ,-2943.1900 ,TRUE
0.1000 ,LAP,0.0025 ,90,75,31303.9600 ,35877.3600 ,-2327.5600 ,FALSE
0.1000 ,LAP,0.0025 ,90,80,31831.5800 ,36571.6800 ,-2043.9500 ,TRUE
0.1000 ,LAP,0.0025 ,90,85,31366.5200 ,35865.3800 ,-1858.3900 ,TRUE
0.1000 ,LAP,0.0025 ,90,90,31542.0800 ,34829.2100 ,-1668.7100 ,TRUE
0.1250 ,LAP,0.0025 ,30,0,60466.1600 ,67594.6900 ,-9163.0100 ,TRUE
0.1250 ,LAP,0.0025 ,30,5,60870.0100 ,67649.4100 ,-7506.7400 ,TRUE
0.1250 ,LAP,0.0025 ,30,10,13896.6300 ,15682.1300 ,-2215.1400 ,FALSE
0.1250 ,LAP,0.0025 ,30,15,36680.1800 ,40472.0100 ,-4770.0400 ,FALSE
0.1250 ,LAP,0.0025 ,30,20,62933.7200 ,66979.1400 ,-9077.3300 ,TRUE
0.1250 ,LAP,0.0025 ,30,25,63497.6300 ,66419.0800 ,-7599.7000 ,TRUE
0.1250 ,LAP,0.0025 ,30,30,46631.0400 ,47768.7500 ,-7054.9500 ,FALSE
0.1250 ,LAP,0.0025 ,30,35,62653.3500 ,65700.8900 ,-8635.5300 ,TRUE
0.1250 ,LAP,0.0025 ,30,40,61278.8800 ,62581.0300 ,-5783.3200 ,TRUE
0.1250 ,LAP,0.0025 ,30,45,54441.1300 ,54697.6100 ,-6858.3200 ,FALSE
0.1250 ,LAP,0.0025 ,30,50,56521.0700 ,58424.6600 ,-7453.6600 ,TRUE
0.1250 ,LAP,0.0025 ,30,55,53492.5400 ,53244.7400 ,-6888.5200 ,TRUE
0.1250 ,LAP,0.0025 ,30,60,49969.5100 ,50049.7100 ,-6001.4100 ,TRUE
0.1250 ,LAP,0.0025 ,30,65,45418.5800 ,46083.5400 ,-4197.5300 ,TRUE
0.1250 ,LAP,0.0025 ,30,70,41554.3900 ,45337.7100 ,-3421.7000 ,TRUE
0.1250 ,LAP,0.0025 ,30,75,36393.3900 ,41710.3400 ,-2705.9800 ,FALSE
0.1250 ,LAP,0.0025 ,30,80,37006.8000 ,42517.5400 ,-2376.2600 ,TRUE
0.1250 ,LAP,0.0025 ,30,85,36466.1300 ,41696.4100 ,-2160.5300 ,TRUE
0.1250 ,LAP,0.0025 ,30,90,36670.2300 ,40491.8000 ,-1940.0100 ,TRUE
0.1250 ,LAP,0.0025 ,50,0,78046.8300 ,87247.9800 ,-11827.1800 ,TRUE
0.1250 ,LAP,0.0025 ,50,5,78568.0900 ,87318.6300 ,-9689.3500 ,TRUE
0.1250 ,LAP,0.0025 ,50,10,17937.1100 ,20241.7500 ,-2859.1900 ,FALSE
0.1250 ,LAP,0.0025 ,50,15,47345.0100 ,52239.3300 ,-6156.9400 ,FALSE
0.1250 ,LAP,0.0025 ,50,20,81231.8400 ,86453.4700 ,-11716.5900 ,TRUE
0.1250 ,LAP,0.0025 ,50,25,81959.7000 ,85730.5700 ,-9809.3300 ,TRUE
0.1250 ,LAP,0.0025 ,50,30,60189.1100 ,61657.6100 ,-9106.2000 ,FALSE
0.1250 ,LAP,0.0025 ,50,35,80869.9600 ,84803.5600 ,-11146.3300 ,TRUE
0.1250 ,LAP,0.0025 ,50,40,79095.8400 ,80776.5900 ,-7464.8300 ,TRUE
0.1250 ,LAP,0.0025 ,50,45,70270.0000 ,70601.0500 ,-8852.3900 ,FALSE
0.1250 ,LAP,0.0025 ,50,50,72954.6900 ,75411.7600 ,-9620.8300 ,TRUE
0.1250 ,LAP,0.0025 ,50,55,69045.6100 ,68725.7600 ,-8891.3700 ,TRUE
0.1250 ,LAP,0.0025 ,50,60,64498.2500 ,64601.7800 ,-7746.3300 ,TRUE
0.1250 ,LAP,0.0025 ,50,65,58624.1300 ,59482.4200 ,-5417.9800 ,TRUE
0.1250 ,LAP,0.0025 ,50,70,53636.4100 ,58519.7500 ,-4416.5600 ,TRUE
0.1250 ,LAP,0.0025 ,50,75,46974.8600 ,53837.7100 ,-3492.7500 ,FALSE
0.1250 ,LAP,0.0025 ,50,80,47766.6100 ,54879.6100 ,-3067.1600 ,TRUE
0.1250 ,LAP,0.0025 ,50,85,47068.7300 ,53819.7300 ,-2788.7100 ,TRUE
0.1250 ,LAP,0.0025 ,50,90,47332.1800 ,52264.8700 ,-2504.0700 ,TRUE
0.1250 ,LAP,0.0025 ,70,0,74398.2300 ,83169.2300 ,-11274.2700 ,TRUE
0.1250 ,LAP,0.0025 ,70,5,74895.1200 ,83236.5800 ,-9236.3800 ,TRUE
0.1250 ,LAP,0.0025 ,70,10,17098.5700 ,19295.4700 ,-2725.5300 ,FALSE
0.1250 ,LAP,0.0025 ,70,15,45131.6900 ,49797.2000 ,-5869.1100 ,FALSE
0.1250 ,LAP,0.0025 ,70,20,77434.3400 ,82411.8700 ,-11168.8500 ,TRUE
0.1250 ,LAP,0.0025 ,70,25,78128.1700 ,81722.7600 ,-9350.7500 ,TRUE
0.1250 ,LAP,0.0025 ,70,30,57375.3400 ,58775.1800 ,-8680.4900 ,FALSE
0.1250 ,LAP,0.0025 ,70,35,77089.3800 ,80839.0900 ,-10625.2500 ,TRUE
0.1250 ,LAP,0.0025 ,70,40,75398.2000 ,77000.3800 ,-7115.8500 ,TRUE
0.1250 ,LAP,0.0025 ,70,45,66984.9500 ,67300.5400 ,-8438.5500 ,FALSE
0.1250 ,LAP,0.0025 ,70,50,69544.1400 ,71886.3400 ,-9171.0600 ,TRUE
0.1250 ,LAP,0.0025 ,70,55,65817.8000 ,65512.9000 ,-8475.7000 ,TRUE
0.1250 ,LAP,0.0025 ,70,60,61483.0300 ,61581.7200 ,-7384.2000 ,TRUE
0.1250 ,LAP,0.0025 ,70,65,55883.5200 ,56701.6800 ,-5164.6900 ,TRUE
0.1250 ,LAP,0.0025 ,70,70,51128.9600 ,55784.0200 ,-4210.0900 ,TRUE
0.1250 ,LAP,0.0025 ,70,75,44778.8300 ,51320.8500 ,-3329.4700 ,FALSE
0.1250 ,LAP,0.0025 ,70,80,45533.5700 ,52314.0500 ,-2923.7700 ,TRUE
0.1250 ,LAP,0.0025 ,70,85,44868.3200 ,51303.7200 ,-2658.3400 ,TRUE
0.1250 ,LAP,0.0025 ,70,90,45119.4500 ,49821.5400 ,-2387.0100 ,TRUE
0.1250 ,LAP,0.0025 ,90,0,100083.7400 ,111882.8900 ,-15166.6400 ,TRUE
0.1250 ,LAP,0.0025 ,90,5,100752.1900 ,111973.4800 ,-12425.1800 ,TRUE
0.1250 ,LAP,0.0025 ,90,10,23001.7400 ,25957.1100 ,-3666.5000 ,FALSE
0.1250 ,LAP,0.0025 ,90,15,60713.1100 ,66989.3800 ,-7895.3800 ,FALSE
0.1250 ,LAP,0.0025 ,90,20,104168.0500 ,110864.0400 ,-15024.8300 ,TRUE
0.1250 ,LAP,0.0025 ,90,25,105101.4400 ,109937.0300 ,-12579.0400 ,TRUE
0.1250 ,LAP,0.0025 ,90,30,77183.8200 ,79066.9500 ,-11677.3800 ,FALSE
0.1250 ,LAP,0.0025 ,90,35,103704.0000 ,108748.2800 ,-14293.5600 ,TRUE
0.1250 ,LAP,0.0025 ,90,40,101428.9500 ,103584.2700 ,-9572.5600 ,TRUE
0.1250 ,LAP,0.0025 ,90,45,90111.0900 ,90535.6200 ,-11351.9100 ,FALSE
0.1250 ,LAP,0.0025 ,90,50,93553.8000 ,96704.6400 ,-12337.3100 ,TRUE
0.1250 ,LAP,0.0025 ,90,55,88540.9800 ,88130.8100 ,-11401.8900 ,TRUE
0.1250 ,LAP,0.0025 ,90,60,82709.6600 ,82842.4100 ,-9933.5500 ,TRUE
0.1250 ,LAP,0.0025 ,90,65,75176.9500 ,76277.5800 ,-6947.7700 ,TRUE
0.1250 ,LAP,0.0025 ,90,70,68780.9200 ,75043.1000 ,-5663.6000 ,TRUE
0.1250 ,LAP,0.0025 ,90,75,60238.4400 ,69039.0500 ,-4478.9400 ,FALSE
0.1250 ,LAP,0.0025 ,90,80,61253.7400 ,70375.1400 ,-3933.1900 ,TRUE
0.1250 ,LAP,0.0025 ,90,85,60358.8300 ,69016.0100 ,-3576.1200 ,TRUE
0.1250 ,LAP,0.0025 ,90,90,60696.6600 ,67022.1200 ,-3211.1100 ,TRUE
0.1500 ,LAP,0.0025 ,30,0,92771.7000 ,103708.8200 ,-14058.5800 ,TRUE
0.1500 ,LAP,0.0025 ,30,5,93391.3100 ,103792.7900 ,-11517.4100 ,TRUE
0.1500 ,LAP,0.0025 ,30,10,21321.2500 ,24060.7000 ,-3398.6300 ,FALSE
0.1500 ,LAP,0.0025 ,30,15,56277.4600 ,62095.1800 ,-7318.5500 ,FALSE
0.1500 ,LAP,0.0025 ,30,20,96557.6200 ,102764.4100 ,-13927.1200 ,TRUE
0.1500 ,LAP,0.0025 ,30,25,97422.8100 ,101905.1200 ,-11660.0200 ,TRUE
0.1500 ,LAP,0.0025 ,30,30,71544.8400 ,73290.3800 ,-10824.2400 ,FALSE
0.1500 ,LAP,0.0025 ,30,35,96127.4700 ,100803.2200 ,-13249.2800 ,TRUE
0.1500 ,LAP,0.0025 ,30,40,94018.6200 ,96016.4900 ,-8873.1900 ,TRUE
0.1500 ,LAP,0.0025 ,30,45,83527.6600 ,83921.1600 ,-10522.5500 ,FALSE
0.1500 ,LAP,0.0025 ,30,50,86718.8400 ,89639.4800 ,-11435.9600 ,TRUE
0.1500 ,LAP,0.0025 ,30,55,82072.2500 ,81692.0500 ,-10568.8800 ,TRUE
0.1500 ,LAP,0.0025 ,30,60,76666.9600 ,76790.0200 ,-9207.8100 ,TRUE
0.1500 ,LAP,0.0025 ,30,65,69684.5900 ,70704.8000 ,-6440.1700 ,TRUE
0.1500 ,LAP,0.0025 ,30,70,63755.8400 ,69560.5200 ,-5249.8200 ,TRUE
0.1500 ,LAP,0.0025 ,30,75,55837.4700 ,63995.1200 ,-4151.7100 ,FALSE
0.1500 ,LAP,0.0025 ,30,80,56778.5900 ,65233.6000 ,-3645.8300 ,TRUE
0.1500 ,LAP,0.0025 ,30,85,55949.0600 ,63973.7500 ,-3314.8500 ,TRUE
0.1500 ,LAP,0.0025 ,30,90,56262.2100 ,62125.5400 ,-2976.5100 ,TRUE
0.1500 ,LAP,0.0025 ,50,0,112210.1800 ,125438.9500 ,-17004.2800 ,TRUE
0.1500 ,LAP,0.0025 ,50,5,112959.6200 ,125540.5200 ,-13930.6500 ,TRUE
0.1500 ,LAP,0.0025 ,50,10,25788.7000 ,29102.1400 ,-4110.7400 ,FALSE
0.1500 ,LAP,0.0025 ,50,15,68069.2900 ,75106.0000 ,-8852.0100 ,FALSE
0.1500 ,LAP,0.0025 ,50,20,116789.3600 ,124296.6600 ,-16845.2800 ,TRUE
0.1500 ,LAP,0.0025 ,50,25,117835.8400 ,123257.3200 ,-14103.1500 ,TRUE
0.1500 ,LAP,0.0025 ,50,30,86535.6300 ,88646.9300 ,-13092.2400 ,FALSE
0.1500 ,LAP,0.0025 ,50,35,116269.0800 ,121924.5400 ,-16025.4100 ,TRUE
0.1500 ,LAP,0.0025 ,50,40,113718.3700 ,116134.8400 ,-10732.4000 ,TRUE
0.1500 ,LAP,0.0025 ,50,45,101029.2200 ,101505.1800 ,-12727.3400 ,FALSE
0.1500 ,LAP,0.0025 ,50,50,104889.0500 ,108421.6600 ,-13832.1400 ,TRUE
0.1500 ,LAP,0.0025 ,50,55,99268.8600 ,98809.0100 ,-12783.3700 ,TRUE
0.1500 ,LAP,0.0025 ,50,60,92731.0100 ,92879.8400 ,-11137.1200 ,TRUE
0.1500 ,LAP,0.0025 ,50,65,84285.6100 ,85519.5900 ,-7789.5800 ,TRUE
0.1500 ,LAP,0.0025 ,50,70,77114.6200 ,84135.5400 ,-6349.8200 ,TRUE
0.1500 ,LAP,0.0025 ,50,75,67537.1100 ,77404.0300 ,-5021.6200 ,FALSE
0.1500 ,LAP,0.0025 ,50,80,68675.4300 ,78902.0100 ,-4409.7400 ,TRUE
0.1500 ,LAP,0.0025 ,50,85,67672.0800 ,77378.1900 ,-4009.4100 ,TRUE
0.1500 ,LAP,0.0025 ,50,90,68050.8400 ,75142.7200 ,-3600.1800 ,TRUE
0.1500 ,LAP,0.0025 ,70,0,140614.5200 ,157191.9500 ,-21308.6500 ,TRUE
0.1500 ,LAP,0.0025 ,70,5,141553.6600 ,157319.2200 ,-17456.9900 ,TRUE
0.1500 ,LAP,0.0025 ,70,10,32316.7200 ,36468.9200 ,-5151.3200 ,FALSE
0.1500 ,LAP,0.0025 ,70,15,85300.0100 ,94117.9600 ,-11092.7600 ,FALSE
0.1500 ,LAP,0.0025 ,70,20,146352.8300 ,155760.5000 ,-21109.4100 ,TRUE
0.1500 ,LAP,0.0025 ,70,25,147664.2200 ,154458.0600 ,-17673.1500 ,TRUE
0.1500 ,LAP,0.0025 ,70,30,108440.8300 ,111086.5800 ,-16406.3500 ,FALSE
0.1500 ,LAP,0.0025 ,70,35,145700.8400 ,152787.9200 ,-20082.0000 ,TRUE
0.1500 ,LAP,0.0025 ,70,40,142504.4800 ,145532.6600 ,-13449.1400 ,TRUE
0.1500 ,LAP,0.0025 ,70,45,126603.2600 ,127199.7000 ,-15949.0800 ,FALSE
0.1500 ,LAP,0.0025 ,70,50,131440.1600 ,135866.9800 ,-17333.5400 ,TRUE
0.1500 ,LAP,0.0025 ,70,55,124397.3000 ,123821.0200 ,-16019.2900 ,TRUE
0.1500 ,LAP,0.0025 ,70,60,116204.4700 ,116390.9800 ,-13956.3200 ,TRUE
0.1500 ,LAP,0.0025 ,70,65,105621.2500 ,107167.6000 ,-9761.4000 ,TRUE
0.1500 ,LAP,0.0025 ,70,70,96635.0300 ,105433.2000 ,-7957.1800 ,TRUE
0.1500 ,LAP,0.0025 ,70,75,84633.1200 ,96997.7000 ,-6292.7700 ,FALSE
0.1500 ,LAP,0.0025 ,70,80,86059.5900 ,98874.8700 ,-5526.0000 ,TRUE
0.1500 ,LAP,0.0025 ,70,85,84802.2500 ,96965.3200 ,-5024.3300 ,TRUE
0.1500 ,LAP,0.0025 ,70,90,85276.8900 ,94163.9800 ,-4511.5100 ,TRUE
0.1500 ,LAP,0.0025 ,90,0,151990.8400 ,169909.4500 ,-23032.6200 ,TRUE
0.1500 ,LAP,0.0025 ,90,5,153005.9700 ,170047.0200 ,-18869.3300 ,TRUE
0.1500 ,LAP,0.0025 ,90,10,34931.2900 ,39419.4100 ,-5568.0800 ,FALSE
0.1500 ,LAP,0.0025 ,90,15,92201.1600 ,101732.5200 ,-11990.2100 ,FALSE
0.1500 ,LAP,0.0025 ,90,20,158193.4400 ,168362.1900 ,-22817.2500 ,TRUE
0.1500 ,LAP,0.0025 ,90,25,159610.8800 ,166954.3900 ,-19102.9800 ,TRUE
0.1500 ,LAP,0.0025 ,90,30,117214.1600 ,120073.9600 ,-17733.6900 ,FALSE
0.1500 ,LAP,0.0025 ,90,35,157488.6900 ,165149.1100 ,-21706.7200 ,TRUE
0.1500 ,LAP,0.0025 ,90,40,154033.7000 ,157306.8600 ,-14537.2400 ,TRUE
0.1500 ,LAP,0.0025 ,90,45,136846.0000 ,137490.7000 ,-17239.4200 ,FALSE
0.1500 ,LAP,0.0025 ,90,50,142074.2300 ,146859.2200 ,-18735.8900 ,TRUE
0.1500 ,LAP,0.0025 ,90,55,134461.5600 ,133838.6900 ,-17315.3200 ,TRUE
0.1500 ,LAP,0.0025 ,90,60,125605.9100 ,125807.5200 ,-15085.4500 ,TRUE
0.1500 ,LAP,0.0025 ,90,65,114166.4600 ,115837.9200 ,-10551.1400 ,TRUE
0.1500 ,LAP,0.0025 ,90,70,104453.2200 ,113963.2000 ,-8600.9500 ,TRUE
0.1500 ,LAP,0.0025 ,90,75,91480.3000 ,104845.2300 ,-6801.8800 ,FALSE
0.1500 ,LAP,0.0025 ,90,80,93022.1700 ,106874.2700 ,-5973.0800 ,TRUE
0.1500 ,LAP,0.0025 ,90,85,91663.1200 ,104810.2300 ,-5430.8200 ,TRUE
0.1500 ,LAP,0.0025 ,90,90,92176.1600 ,101782.2400 ,-4876.5100 ,TRUE
0.1750 ,LAP,0.0025 ,30,0,210252.8900 ,235040.1900 ,-31861.6200 ,TRUE
0.1750 ,LAP,0.0025 ,30,5,211657.1600 ,235230.4800 ,-26102.4400 ,TRUE
0.1750 ,LAP,0.0025 ,30,10,48321.3600 ,54529.9000 ,-7702.4700 ,FALSE
0.1750 ,LAP,0.0025 ,30,15,127544.2600 ,140729.2300 ,-16586.3800 ,FALSE
0.1750 ,LAP,0.0025 ,30,20,218833.0600 ,232899.8100 ,-31563.7000 ,TRUE
0.1750 ,LAP,0.0025 ,30,25,220793.9100 ,230952.3600 ,-26425.6600 ,TRUE
0.1750 ,LAP,0.0025 ,30,30,162145.4100 ,166101.4400 ,-24531.4800 ,FALSE
0.1750 ,LAP,0.0025 ,30,35,217858.2000 ,228455.0800 ,-30027.4700 ,TRUE
0.1750 ,LAP,0.0025 ,30,40,213078.8400 ,217606.6900 ,-20109.7400 ,TRUE
0.1750 ,LAP,0.0025 ,30,45,189302.6400 ,190194.4800 ,-23847.7500 ,FALSE
0.1750 ,LAP,0.0025 ,30,50,196535.0000 ,203154.1700 ,-25917.8500 ,TRUE
0.1750 ,LAP,0.0025 ,30,55,186004.2000 ,185142.5500 ,-23952.7400 ,TRUE
0.1750 ,LAP,0.0025 ,30,60,173753.9400 ,174032.8300 ,-20868.0900 ,TRUE
0.1750 ,LAP,0.0025 ,30,65,157929.4400 ,160241.6200 ,-14595.6600 ,TRUE
0.1750 ,LAP,0.0025 ,30,70,144492.8600 ,157648.2700 ,-11897.9200 ,TRUE
0.1750 ,LAP,0.0025 ,30,75,126547.0900 ,145035.1600 ,-9409.2300 ,FALSE
0.1750 ,LAP,0.0025 ,30,80,128680.0100 ,147841.9700 ,-8262.7200 ,TRUE
0.1750 ,LAP,0.0025 ,30,85,126800.0000 ,144986.7200 ,-7512.6000 ,TRUE
0.1750 ,LAP,0.0025 ,30,90,127509.7000 ,140798.0300 ,-6745.8100 ,TRUE
0.1750 ,LAP,0.0025 ,50,0,158658.3000 ,177362.9700 ,-24043.0000 ,TRUE
0.1750 ,LAP,0.0025 ,50,5,159717.9700 ,177506.5600 ,-19697.0900 ,TRUE
0.1750 ,LAP,0.0025 ,50,10,36463.6400 ,41148.6400 ,-5812.3400 ,FALSE
0.1750 ,LAP,0.0025 ,50,15,96245.7900 ,106195.2700 ,-12516.1900 ,FALSE
0.1750 ,LAP,0.0025 ,50,20,165132.9700 ,175747.8300 ,-23818.1900 ,TRUE
0.1750 ,LAP,0.0025 ,50,25,166612.6200 ,174278.2700 ,-19940.9900 ,TRUE
0.1750 ,LAP,0.0025 ,50,30,122356.0500 ,125341.3000 ,-18511.6200 ,FALSE
0.1750 ,LAP,0.0025 ,50,35,164397.3300 ,172393.8100 ,-22658.9400 ,TRUE
0.1750 ,LAP,0.0025 ,50,40,160790.7700 ,164207.5300 ,-15174.9500 ,TRUE
0.1750 ,LAP,0.0025 ,50,45,142849.1100 ,143522.0900 ,-17995.6800 ,FALSE
0.1750 ,LAP,0.0025 ,50,50,148306.6900 ,153301.5600 ,-19557.7900 ,TRUE
0.1750 ,LAP,0.0025 ,50,55,140360.0600 ,139709.8600 ,-18074.9000 ,TRUE
0.1750 ,LAP,0.0025 ,50,60,131115.9500 ,131326.3900 ,-15747.2100 ,TRUE
0.1750 ,LAP,0.0025 ,50,65,119174.6600 ,120919.4500 ,-11013.9900 ,TRUE
0.1750 ,LAP,0.0025 ,50,70,109035.3200 ,118962.4800 ,-8978.2500 ,TRUE
0.1750 ,LAP,0.0025 ,50,75,95493.3200 ,109444.5300 ,-7100.2700 ,FALSE
0.1750 ,LAP,0.0025 ,50,80,97102.8300 ,111562.5900 ,-6235.1100 ,TRUE
0.1750 ,LAP,0.0025 ,50,85,95684.1600 ,109408.0000 ,-5669.0600 ,TRUE
0.1750 ,LAP,0.0025 ,50,90,96219.7000 ,106247.1800 ,-5090.4300 ,TRUE
0.1750 ,LAP,0.0025 ,70,0,133816.0000 ,149591.9400 ,-20278.4100 ,TRUE
0.1750 ,LAP,0.0025 ,70,5,134709.7300 ,149713.0500 ,-16612.9700 ,TRUE
0.1750 ,LAP,0.0025 ,70,10,30754.2600 ,34705.7000 ,-4902.2600 ,FALSE
0.1750 ,LAP,0.0025 ,70,15,81175.8800 ,89567.4800 ,-10556.4400 ,FALSE
0.1750 ,LAP,0.0025 ,70,20,139276.8800 ,148229.6900 ,-20088.8000 ,TRUE
0.1750 ,LAP,0.0025 ,70,25,140524.8400 ,146990.2300 ,-16818.6800 ,TRUE
0.1750 ,LAP,0.0025 ,70,30,103197.8700 ,105715.7000 ,-15613.1200 ,FALSE
0.1750 ,LAP,0.0025 ,70,35,138656.4200 ,145400.8400 ,-19111.0600 ,TRUE
0.1750 ,LAP,0.0025 ,70,40,135614.5900 ,138496.3400 ,-12798.9000 ,TRUE
0.1750 ,LAP,0.0025 ,70,45,120482.1600 ,121049.7700 ,-15177.9600 ,FALSE
0.1750 ,LAP,0.0025 ,70,50,125085.2100 ,129298.0100 ,-16495.4800 ,TRUE
0.1750 ,LAP,0.0025 ,70,55,118382.8700 ,117834.4500 ,-15244.7800 ,TRUE
0.1750 ,LAP,0.0025 ,70,60,110586.1600 ,110763.6500 ,-13281.5500 ,TRUE
0.1750 ,LAP,0.0025 ,70,65,100514.6100 ,101986.2000 ,-9289.4500 ,TRUE
0.1750 ,LAP,0.0025 ,70,70,91962.8700 ,100335.6500 ,-7572.4600 ,TRUE
0.1750 ,LAP,0.0025 ,70,75,80541.2200 ,92307.9900 ,-5988.5300 ,FALSE
0.1750 ,LAP,0.0025 ,70,80,81898.7200 ,94094.4100 ,-5258.8300 ,TRUE
0.1750 ,LAP,0.0025 ,70,85,80702.1900 ,92277.1900 ,-4781.4200 ,TRUE
0.1750 ,LAP,0.0025 ,70,90,81153.8800 ,89611.2700 ,-4293.3900 ,TRUE
0.1750 ,LAP,0.0025 ,90,0,203336.9500 ,227308.9200 ,-30813.5800 ,TRUE
0.1750 ,LAP,0.0025 ,90,5,204695.0300 ,227492.9500 ,-25243.8500 ,TRUE
0.1750 ,LAP,0.0025 ,90,10,46731.9100 ,52736.2300 ,-7449.1100 ,FALSE
0.1750 ,LAP,0.0025 ,90,15,123348.9000 ,136100.1900 ,-16040.7900 ,FALSE
0.1750 ,LAP,0.0025 ,90,20,211634.9200 ,225238.9500 ,-30525.4600 ,TRUE
0.1750 ,LAP,0.0025 ,90,25,213531.2500 ,223355.5800 ,-25556.4300 ,TRUE
0.1750 ,LAP,0.0025 ,90,30,156811.9100 ,160637.8000 ,-23724.5500 ,FALSE
0.1750 ,LAP,0.0025 ,90,35,210692.1100 ,220940.4200 ,-29039.7700 ,TRUE
0.1750 ,LAP,0.0025 ,90,40,206069.9500 ,210448.8800 ,-19448.2600 ,TRUE
0.1750 ,LAP,0.0025 ,90,45,183075.8300 ,183938.3400 ,-23063.3200 ,FALSE
0.1750 ,LAP,0.0025 ,90,50,190070.3000 ,196471.7500 ,-25065.3300 ,TRUE
0.1750 ,LAP,0.0025 ,90,55,179885.8800 ,179052.5900 ,-23164.8500 ,TRUE
0.1750 ,LAP,0.0025 ,90,60,168038.5800 ,168308.3100 ,-20181.6700 ,TRUE
0.1750 ,LAP,0.0025 ,90,65,152734.6200 ,154970.7300 ,-14115.5600 ,TRUE
0.1750 ,LAP,0.0025 ,90,70,139740.0200 ,152462.6900 ,-11506.5600 ,TRUE
0.1750 ,LAP,0.0025 ,90,75,122384.5200 ,140264.4500 ,-9099.7200 ,FALSE
0.1750 ,LAP,0.0025 ,90,80,124447.2800 ,142978.9500 ,-7990.9300 ,TRUE
0.1750 ,LAP,0.0025 ,90,85,122629.1100 ,140217.6400 ,-7265.4900 ,TRUE
0.1750 ,LAP,0.0025 ,90,90,123315.4700 ,136166.7200 ,-6523.9200 ,TRUE
0.1000 ,LAP,0.0050 ,30,0,36113.1200 ,40370.6100 ,-5472.5700 ,TRUE
0.1000 ,LAP,0.0050 ,30,5,36354.3300 ,40403.2900 ,-4483.3700 ,TRUE
0.1000 ,LAP,0.0050 ,30,10,8299.7000 ,9366.0800 ,-1322.9800 ,FALSE
0.1000 ,LAP,0.0050 ,30,15,21907.0600 ,24171.7200 ,-2848.8800 ,FALSE
0.1000 ,LAP,0.0050 ,30,20,37586.8700 ,40002.9700 ,-5421.4000 ,TRUE
0.1000 ,LAP,0.0050 ,30,25,37923.6600 ,39668.4800 ,-4538.8800 ,TRUE
0.1000 ,LAP,0.0050 ,30,30,27850.1700 ,28529.6600 ,-4213.5400 ,FALSE
0.1000 ,LAP,0.0050 ,30,35,37419.4200 ,39239.5400 ,-5157.5300 ,TRUE
0.1000 ,LAP,0.0050 ,30,40,36598.5200 ,37376.2200 ,-3454.0600 ,TRUE
0.1000 ,LAP,0.0050 ,30,45,32514.7100 ,32667.8900 ,-4096.1000 ,FALSE
0.1000 ,LAP,0.0050 ,30,50,33756.9400 ,34893.8600 ,-4451.6600 ,TRUE
0.1000 ,LAP,0.0050 ,30,55,31948.1600 ,31800.1700 ,-4114.1300 ,TRUE
0.1000 ,LAP,0.0050 ,30,60,29844.0500 ,29891.9600 ,-3584.3100 ,TRUE
0.1000 ,LAP,0.0050 ,30,65,27126.0300 ,27523.1700 ,-2506.9600 ,TRUE
0.1000 ,LAP,0.0050 ,30,70,24818.1600 ,27077.7300 ,-2043.5900 ,TRUE
0.1000 ,LAP,0.0050 ,30,75,21735.7900 ,24911.3000 ,-1616.1300 ,FALSE
0.1000 ,LAP,0.0050 ,30,80,22102.1300 ,25393.4000 ,-1419.2100 ,TRUE
0.1000 ,LAP,0.0050 ,30,85,21779.2200 ,24902.9800 ,-1290.3700 ,TRUE
0.1000 ,LAP,0.0050 ,30,90,21901.1200 ,24183.5300 ,-1158.6600 ,TRUE
0.1000 ,LAP,0.0050 ,50,0,39132.5800 ,43746.0300 ,-5930.1300 ,TRUE
0.1000 ,LAP,0.0050 ,50,5,39393.9500 ,43781.4500 ,-4858.2300 ,TRUE
0.1000 ,LAP,0.0050 ,50,10,8993.6400 ,10149.1900 ,-1433.6000 ,FALSE
0.1000 ,LAP,0.0050 ,50,15,23738.7300 ,26192.7400 ,-3087.0800 ,FALSE
0.1000 ,LAP,0.0050 ,50,20,40729.5400 ,43347.6600 ,-5874.6800 ,TRUE
0.1000 ,LAP,0.0050 ,50,25,41094.4900 ,42985.2000 ,-4918.3800 ,TRUE
0.1000 ,LAP,0.0050 ,50,30,30178.7500 ,30915.0500 ,-4565.8300 ,FALSE
0.1000 ,LAP,0.0050 ,50,35,40548.0900 ,42520.4000 ,-5588.7600 ,TRUE
0.1000 ,LAP,0.0050 ,50,40,39658.5500 ,40501.2900 ,-3742.8500 ,TRUE
0.1000 ,LAP,0.0050 ,50,45,35233.2900 ,35399.2800 ,-4438.5800 ,FALSE
0.1000 ,LAP,0.0050 ,50,50,36579.3900 ,37811.3600 ,-4823.8700 ,TRUE
0.1000 ,LAP,0.0050 ,50,55,34619.3800 ,34459.0100 ,-4458.1200 ,TRUE
0.1000 ,LAP,0.0050 ,50,60,32339.3400 ,32391.2500 ,-3884.0000 ,TRUE
0.1000 ,LAP,0.0050 ,50,65,29394.0600 ,29824.4100 ,-2716.5700 ,TRUE
0.1000 ,LAP,0.0050 ,50,70,26893.2300 ,29341.7300 ,-2214.4600 ,TRUE
0.1000 ,LAP,0.0050 ,50,75,23553.1300 ,26994.1600 ,-1751.2600 ,FALSE
0.1000 ,LAP,0.0050 ,50,80,23950.1100 ,27516.5700 ,-1537.8700 ,TRUE
0.1000 ,LAP,0.0050 ,50,85,23600.2000 ,26985.1500 ,-1398.2600 ,TRUE
0.1000 ,LAP,0.0050 ,50,90,23732.2900 ,26205.5400 ,-1255.5400 ,TRUE
0.1000 ,LAP,0.0050 ,70,0,42086.8700 ,47048.6100 ,-6377.8200 ,TRUE
0.1000 ,LAP,0.0050 ,70,5,42367.9600 ,47086.7000 ,-5224.9900 ,TRUE
0.1000 ,LAP,0.0050 ,70,10,9672.6100 ,10915.3900 ,-1541.8200 ,FALSE
0.1000 ,LAP,0.0050 ,70,15,25530.8700 ,28170.1400 ,-3320.1400 ,FALSE
0.1000 ,LAP,0.0050 ,70,20,43804.3900 ,46620.1600 ,-6318.1900 ,TRUE
0.1000 ,LAP,0.0050 ,70,25,44196.8900 ,46230.3400 ,-5289.6900 ,TRUE
0.1000 ,LAP,0.0050 ,70,30,32457.0700 ,33248.9600 ,-4910.5300 ,FALSE
0.1000 ,LAP,0.0050 ,70,35,43609.2400 ,45730.4500 ,-6010.6800 ,TRUE
0.1000 ,LAP,0.0050 ,70,40,42652.5400 ,43558.9000 ,-4025.4200 ,TRUE
0.1000 ,LAP,0.0050 ,70,45,37893.2100 ,38071.7300 ,-4773.6700 ,FALSE
0.1000 ,LAP,0.0050 ,70,50,39340.9200 ,40665.9000 ,-5188.0400 ,TRUE
0.1000 ,LAP,0.0050 ,70,55,37232.9500 ,37060.4700 ,-4794.6800 ,TRUE
0.1000 ,LAP,0.0050 ,70,60,34780.7800 ,34836.6000 ,-4177.2200 ,TRUE
0.1000 ,LAP,0.0050 ,70,65,31613.1500 ,32075.9800 ,-2921.6500 ,TRUE
0.1000 ,LAP,0.0050 ,70,70,28923.5200 ,31556.8700 ,-2381.6400 ,TRUE
0.1000 ,LAP,0.0050 ,70,75,25331.2600 ,29032.0600 ,-1883.4700 ,FALSE
0.1000 ,LAP,0.0050 ,70,80,25758.2100 ,29593.9100 ,-1653.9700 ,TRUE
0.1000 ,LAP,0.0050 ,70,85,25381.8800 ,29022.3700 ,-1503.8200 ,TRUE
0.1000 ,LAP,0.0050 ,70,90,25523.9500 ,28183.9100 ,-1350.3300 ,TRUE
0.1000 ,LAP,0.0050 ,90,0,6197055.0000 ,6927643.5000 ,-939098.7500 ,TRUE
0.1000 ,LAP,0.0050 ,90,5,6238445.0000 ,6933252.0000 ,-769351.1200 ,TRUE
0.1000 ,LAP,0.0050 ,90,10,1424238.1200 ,1607230.2500 ,-227024.9200 ,FALSE
0.1000 ,LAP,0.0050 ,90,15,3759277.2500 ,4147894.7500 ,-488871.6200 ,FALSE
0.1000 ,LAP,0.0050 ,90,20,6449950.0000 ,6864557.5000 ,-930317.6900 ,TRUE
0.1000 ,LAP,0.0050 ,90,25,6507744.0000 ,6807158.0000 ,-778877.6200 ,TRUE
0.1000 ,LAP,0.0050 ,90,30,4779121.5000 ,4895722.5000 ,-723047.8800 ,FALSE
0.1000 ,LAP,0.0050 ,90,35,6421216.5000 ,6733552.0000 ,-885038.4400 ,TRUE
0.1000 ,LAP,0.0050 ,90,40,6280348.0000 ,6413803.5000 ,-592720.3100 ,TRUE
0.1000 ,LAP,0.0050 ,90,45,5579561.5000 ,5605848.0000 ,-702895.5000 ,FALSE
0.1000 ,LAP,0.0050 ,90,50,5792730.5000 ,5987826.0000 ,-763910.3800 ,TRUE
0.1000 ,LAP,0.0050 ,90,55,5482342.5000 ,5456945.5000 ,-705990.0600 ,TRUE
0.1000 ,LAP,0.0050 ,90,60,5121274.5000 ,5129494.5000 ,-615072.3100 ,TRUE
0.1000 ,LAP,0.0050 ,90,65,4654858.5000 ,4723008.5000 ,-430196.8800 ,TRUE
0.1000 ,LAP,0.0050 ,90,70,4258825.5000 ,4646571.0000 ,-350682.6900 ,TRUE
0.1000 ,LAP,0.0050 ,90,75,3729886.0000 ,4274808.5000 ,-277330.2500 ,FALSE
0.1000 ,LAP,0.0050 ,90,80,3792752.2500 ,4357537.5000 ,-243537.8400 ,TRUE
0.1000 ,LAP,0.0050 ,90,85,3737340.2500 ,4273381.0000 ,-221428.6400 ,TRUE
0.1000 ,LAP,0.0050 ,90,90,3758258.2500 ,4149922.5000 ,-198827.9200 ,TRUE
0.1250 ,LAP,0.0050 ,30,0,161456.5600 ,180491.1200 ,-24467.0500 ,TRUE
0.1250 ,LAP,0.0050 ,30,5,162534.9200 ,180637.2700 ,-20044.4900 ,TRUE
0.1250 ,LAP,0.0050 ,30,10,37106.7500 ,41874.3800 ,-5914.8500 ,FALSE
0.1250 ,LAP,0.0050 ,30,15,97943.2900 ,108068.2400 ,-12736.9400 ,FALSE
0.1250 ,LAP,0.0050 ,30,20,168045.4400 ,178847.5200 ,-24238.2700 ,TRUE
0.1250 ,LAP,0.0050 ,30,25,169551.1700 ,177352.0300 ,-20292.6900 ,TRUE
0.1250 ,LAP,0.0050 ,30,30,124514.0600 ,127551.9700 ,-18838.1100 ,FALSE
0.1250 ,LAP,0.0050 ,30,35,167296.8100 ,175434.3300 ,-23058.5800 ,TRUE
0.1250 ,LAP,0.0050 ,30,40,163626.6600 ,167103.6700 ,-15442.5900 ,TRUE
0.1250 ,LAP,0.0050 ,30,45,145368.5500 ,146053.3900 ,-18313.0700 ,FALSE
0.1250 ,LAP,0.0050 ,30,50,150922.3900 ,156005.3800 ,-19902.7300 ,TRUE
0.1250 ,LAP,0.0050 ,30,55,142835.6200 ,142173.9400 ,-18393.6900 ,TRUE
0.1250 ,LAP,0.0050 ,30,60,133428.4400 ,133642.5900 ,-16024.9500 ,TRUE
0.1250 ,LAP,0.0050 ,30,65,121276.5700 ,123052.1200 ,-11208.2500 ,TRUE
0.1250 ,LAP,0.0050 ,30,70,110958.4000 ,121060.6300 ,-9136.6000 ,TRUE
0.1250 ,LAP,0.0050 ,30,75,97177.5500 ,111374.8100 ,-7225.4900 ,FALSE
0.1250 ,LAP,0.0050 ,30,80,98815.4500 ,113530.2300 ,-6345.0800 ,TRUE
0.1250 ,LAP,0.0050 ,30,85,97371.7500 ,111337.6400 ,-5769.0500 ,TRUE
0.1250 ,LAP,0.0050 ,30,90,97916.7400 ,108121.0700 ,-5180.2100 ,TRUE
0.1250 ,LAP,0.0050 ,50,0,156815.3100 ,175302.7000 ,-23763.7200 ,TRUE
0.1250 ,LAP,0.0050 ,50,5,157862.6700 ,175444.6400 ,-19468.2900 ,TRUE
0.1250 ,LAP,0.0050 ,50,10,36040.0700 ,40670.6600 ,-5744.8200 ,FALSE
0.1250 ,LAP,0.0050 ,50,15,95127.8000 ,104961.7000 ,-12370.8000 ,FALSE
0.1250 ,LAP,0.0050 ,50,20,163214.7800 ,173706.3300 ,-23541.5200 ,TRUE
0.1250 ,LAP,0.0050 ,50,25,164677.2300 ,172253.8400 ,-19709.3500 ,TRUE
0.1250 ,LAP,0.0050 ,50,30,120934.7700 ,123885.3400 ,-18296.5900 ,FALSE
0.1250 ,LAP,0.0050 ,50,35,162487.6700 ,170391.2700 ,-22395.7300 ,TRUE
0.1250 ,LAP,0.0050 ,50,40,158923.0300 ,162300.0800 ,-14998.6800 ,TRUE
0.1250 ,LAP,0.0050 ,50,45,141189.7500 ,141854.9400 ,-17786.6400 ,FALSE
0.1250 ,LAP,0.0050 ,50,50,146583.9500 ,151520.8000 ,-19330.6100 ,TRUE
0.1250 ,LAP,0.0050 ,50,55,138729.6400 ,138086.9800 ,-17864.9500 ,TRUE
0.1250 ,LAP,0.0050 ,50,60,129592.9000 ,129800.9000 ,-15564.2900 ,TRUE
0.1250 ,LAP,0.0050 ,50,65,117790.3300 ,119514.8400 ,-10886.0500 ,TRUE
0.1250 ,LAP,0.0050 ,50,70,107768.7700 ,117580.6100 ,-8873.9600 ,TRUE
0.1250 ,LAP,0.0050 ,50,75,94384.0600 ,108173.2200 ,-7017.7900 ,FALSE
0.1250 ,LAP,0.0050 ,50,80,95974.8800 ,110266.6600 ,-6162.6800 ,TRUE
0.1250 ,LAP,0.0050 ,50,85,94572.7000 ,108137.1100 ,-5603.2100 ,TRUE
0.1250 ,LAP,0.0050 ,50,90,95102.0200 ,105013.0100 ,-5031.3000 ,TRUE
0.1250 ,LAP,0.0050 ,70,0,157972.8000 ,176596.6600 ,-23939.1200 ,TRUE
0.1250 ,LAP,0.0050 ,70,5,159027.9100 ,176739.6600 ,-19611.9900 ,TRUE
0.1250 ,LAP,0.0050 ,70,10,36306.1000 ,40970.8600 ,-5787.2300 ,FALSE
0.1250 ,LAP,0.0050 ,70,15,95829.9600 ,105736.4500 ,-12462.1200 ,FALSE
0.1250 ,LAP,0.0050 ,70,20,164419.5200 ,174988.5000 ,-23715.2800 ,TRUE
0.1250 ,LAP,0.0050 ,70,25,165892.7700 ,173525.3000 ,-19854.8300 ,TRUE
0.1250 ,LAP,0.0050 ,70,30,121827.4300 ,124799.7700 ,-18431.6400 ,FALSE
0.1250 ,LAP,0.0050 ,70,35,163687.0300 ,171648.9800 ,-22561.0400 ,TRUE
0.1250 ,LAP,0.0050 ,70,40,160096.0800 ,163498.0600 ,-15109.3900 ,TRUE
0.1250 ,LAP,0.0050 ,70,45,142231.9200 ,142902.0000 ,-17917.9300 ,FALSE
0.1250 ,LAP,0.0050 ,70,50,147665.9200 ,152639.2200 ,-19473.2900 ,TRUE
0.1250 ,LAP,0.0050 ,70,55,139753.6400 ,139106.2500 ,-17996.8100 ,TRUE
0.1250 ,LAP,0.0050 ,70,60,130549.4500 ,130758.9900 ,-15679.1700 ,TRUE
0.1250 ,LAP,0.0050 ,70,65,118659.7700 ,120397.0200 ,-10966.4000 ,TRUE
0.1250 ,LAP,0.0050 ,70,70,108564.2500 ,118448.5100 ,-8939.4600 ,TRUE
0.1250 ,LAP,0.0050 ,70,75,95080.7300 ,108971.6800 ,-7069.5900 ,FALSE
0.1250 ,LAP,0.0050 ,70,80,96683.3000 ,111080.5800 ,-6208.1700 ,TRUE
0.1250 ,LAP,0.0050 ,70,85,95270.7600 ,108935.3000 ,-5644.5700 ,TRUE
0.1250 ,LAP,0.0050 ,70,90,95803.9800 ,105788.1400 ,-5068.4400 ,TRUE
0.1250 ,LAP,0.0050 ,90,0,201904.3300 ,225707.3800 ,-30596.4800 ,TRUE
0.1250 ,LAP,0.0050 ,90,5,203252.8300 ,225890.1200 ,-25065.9900 ,TRUE
0.1250 ,LAP,0.0050 ,90,10,46402.6600 ,52364.6700 ,-7396.6300 ,FALSE
0.1250 ,LAP,0.0050 ,90,15,122479.8400 ,135141.2800 ,-15927.7700 ,FALSE
0.1250 ,LAP,0.0050 ,90,20,210143.8300 ,223652.0000 ,-30310.3900 ,TRUE
0.1250 ,LAP,0.0050 ,90,25,212026.7800 ,221781.8800 ,-25376.3700 ,TRUE
0.1250 ,LAP,0.0050 ,90,30,155707.0600 ,159506.0200 ,-23557.4000 ,FALSE
0.1250 ,LAP,0.0050 ,90,35,209207.6700 ,219383.7500 ,-28835.1600 ,TRUE
0.1250 ,LAP,0.0050 ,90,40,204618.0600 ,208966.1200 ,-19311.2400 ,TRUE
0.1250 ,LAP,0.0050 ,90,45,181785.9500 ,182642.3800 ,-22900.8200 ,FALSE
0.1250 ,LAP,0.0050 ,90,50,188731.1200 ,195087.4800 ,-24888.7300 ,TRUE
0.1250 ,LAP,0.0050 ,90,55,178618.5000 ,177791.0500 ,-23001.6400 ,TRUE
0.1250 ,LAP,0.0050 ,90,60,166854.6600 ,167122.4500 ,-20039.4800 ,TRUE
0.1250 ,LAP,0.0050 ,90,65,151658.5000 ,153878.8600 ,-14016.1100 ,TRUE
0.1250 ,LAP,0.0050 ,90,70,138755.4500 ,151388.4800 ,-11425.4800 ,TRUE
0.1250 ,LAP,0.0050 ,90,75,121522.2500 ,139276.2000 ,-9035.6100 ,FALSE
0.1250 ,LAP,0.0050 ,90,80,123570.4700 ,141971.5800 ,-7934.6300 ,TRUE
0.1250 ,LAP,0.0050 ,90,85,121765.1100 ,139229.7000 ,-7214.3000 ,TRUE
0.1250 ,LAP,0.0050 ,90,90,122446.6200 ,135207.3300 ,-6477.9500 ,TRUE
0.1500 ,LAP,0.0050 ,30,0,202556.5900 ,226436.5600 ,-30695.3300 ,TRUE
0.1500 ,LAP,0.0050 ,30,5,203909.4700 ,226619.8900 ,-25146.9700 ,TRUE
0.1500 ,LAP,0.0050 ,30,10,46552.5600 ,52533.8400 ,-7420.5200 ,FALSE
0.1500 ,LAP,0.0050 ,30,15,122875.5200 ,135577.8600 ,-15979.2300 ,FALSE
0.1500 ,LAP,0.0050 ,30,20,210822.7000 ,224374.5300 ,-30408.3100 ,TRUE
0.1500 ,LAP,0.0050 ,30,25,212711.7700 ,222498.3800 ,-25458.3500 ,TRUE
0.1500 ,LAP,0.0050 ,30,30,156210.0900 ,160021.3100 ,-23633.5000 ,FALSE
0.1500 ,LAP,0.0050 ,30,35,209883.5200 ,220092.5000 ,-28928.3200 ,TRUE
0.1500 ,LAP,0.0050 ,30,40,205279.1100 ,209641.2200 ,-19373.6200 ,TRUE
0.1500 ,LAP,0.0050 ,30,45,182373.2500 ,183232.4200 ,-22974.8000 ,FALSE
0.1500 ,LAP,0.0050 ,30,50,189340.8400 ,195717.7300 ,-24969.1300 ,TRUE
0.1500 ,LAP,0.0050 ,30,55,179195.5600 ,178365.4200 ,-23075.9500 ,TRUE
0.1500 ,LAP,0.0050 ,30,60,167393.6900 ,167662.3800 ,-20104.2200 ,TRUE
0.1500 ,LAP,0.0050 ,30,65,152148.4500 ,154376.0000 ,-14061.3900 ,TRUE
0.1500 ,LAP,0.0050 ,30,70,139203.7200 ,151877.5600 ,-11462.4000 ,TRUE
0.1500 ,LAP,0.0050 ,30,75,121914.8500 ,139726.1600 ,-9064.8000 ,FALSE
0.1500 ,LAP,0.0050 ,30,80,123969.6900 ,142430.2200 ,-7960.2600 ,TRUE
0.1500 ,LAP,0.0050 ,30,85,122158.4800 ,139679.5000 ,-7237.6000 ,TRUE
0.1500 ,LAP,0.0050 ,30,90,122842.2000 ,135644.1400 ,-6498.8800 ,TRUE
0.1500 ,LAP,0.0050 ,50,0,191756.6400 ,214363.3900 ,-29058.7100 ,TRUE
0.1500 ,LAP,0.0050 ,50,5,193037.3800 ,214536.9400 ,-23806.1800 ,TRUE
0.1500 ,LAP,0.0050 ,50,10,44070.4700 ,49732.8300 ,-7024.8800 ,FALSE
0.1500 ,LAP,0.0050 ,50,15,116324.0200 ,128349.1000 ,-15127.2500 ,FALSE
0.1500 ,LAP,0.0050 ,50,20,199582.0300 ,212411.3000 ,-28787.0000 ,TRUE
0.1500 ,LAP,0.0050 ,50,25,201370.3800 ,210635.1700 ,-24100.9600 ,TRUE
0.1500 ,LAP,0.0050 ,50,30,147881.2500 ,151489.2800 ,-22373.4100 ,FALSE
0.1500 ,LAP,0.0050 ,50,35,198692.9200 ,208357.5800 ,-27385.9100 ,TRUE
0.1500 ,LAP,0.0050 ,50,40,194334.0200 ,198463.5500 ,-18340.6600 ,TRUE
0.1500 ,LAP,0.0050 ,50,45,172649.4400 ,173462.8100 ,-21749.8300 ,FALSE
0.1500 ,LAP,0.0050 ,50,50,179245.5500 ,185282.4400 ,-23637.8200 ,TRUE
0.1500 ,LAP,0.0050 ,50,55,169641.1600 ,168855.3000 ,-21845.5800 ,TRUE
0.1500 ,LAP,0.0050 ,50,60,158468.5800 ,158722.9200 ,-19032.3000 ,TRUE
0.1500 ,LAP,0.0050 ,50,65,144036.1900 ,146144.9500 ,-13311.6600 ,TRUE
0.1500 ,LAP,0.0050 ,50,70,131781.6400 ,143779.7300 ,-10851.2400 ,TRUE
0.1500 ,LAP,0.0050 ,50,75,115414.5700 ,132276.2000 ,-8581.4800 ,FALSE
0.1500 ,LAP,0.0050 ,50,80,117359.8500 ,134836.1100 ,-7535.8400 ,TRUE
0.1500 ,LAP,0.0050 ,50,85,115645.2300 ,132232.0500 ,-6851.7100 ,TRUE
0.1500 ,LAP,0.0050 ,50,90,116292.4900 ,128411.8400 ,-6152.3700 ,TRUE
0.1500 ,LAP,0.0050 ,70,0,127774.1200 ,142837.7800 ,-19362.8300 ,TRUE
0.1500 ,LAP,0.0050 ,70,5,128627.5200 ,142953.4200 ,-15862.8800 ,TRUE
0.1500 ,LAP,0.0050 ,70,10,29365.6800 ,33138.7100 ,-4680.9200 ,FALSE
0.1500 ,LAP,0.0050 ,70,15,77510.7400 ,85523.4700 ,-10079.8100 ,FALSE
0.1500 ,LAP,0.0050 ,70,20,132988.4500 ,141537.0300 ,-19181.7800 ,TRUE
0.1500 ,LAP,0.0050 ,70,25,134180.0800 ,140353.5500 ,-16059.3100 ,TRUE
0.1500 ,LAP,0.0050 ,70,30,98538.4300 ,100942.5700 ,-14908.1800 ,FALSE
0.1500 ,LAP,0.0050 ,70,35,132395.9800 ,138835.8900 ,-18248.1900 ,TRUE
0.1500 ,LAP,0.0050 ,70,40,129491.5100 ,132243.1600 ,-12221.0200 ,TRUE
0.1500 ,LAP,0.0050 ,70,45,115042.3100 ,115584.3100 ,-14492.6700 ,FALSE
0.1500 ,LAP,0.0050 ,70,50,119437.5400 ,123460.1200 ,-15750.7000 ,TRUE
0.1500 ,LAP,0.0050 ,70,55,113037.8000 ,112514.1600 ,-14556.4700 ,TRUE
0.1500 ,LAP,0.0050 ,70,60,105593.1200 ,105762.6000 ,-12681.8800 ,TRUE
0.1500 ,LAP,0.0050 ,70,65,95976.3100 ,97381.4600 ,-8870.0200 ,TRUE
0.1500 ,LAP,0.0050 ,70,70,87810.6900 ,95805.4300 ,-7230.5600 ,TRUE
0.1500 ,LAP,0.0050 ,70,75,76904.7400 ,88140.2300 ,-5718.1400 ,FALSE
0.1500 ,LAP,0.0050 ,70,80,78200.9500 ,89845.9800 ,-5021.3900 ,TRUE
0.1500 ,LAP,0.0050 ,70,85,77058.4400 ,88110.8000 ,-4565.5300 ,TRUE
0.1500 ,LAP,0.0050 ,70,90,77489.7300 ,85565.2700 ,-4099.5400 ,TRUE
0.1500 ,LAP,0.0050 ,90,0,202556.5900 ,226436.5600 ,-30695.3300 ,TRUE
0.1500 ,LAP,0.0050 ,90,5,203909.4700 ,226619.8900 ,-25146.9700 ,TRUE
0.1500 ,LAP,0.0050 ,90,10,46552.5600 ,52533.8400 ,-7420.5200 ,FALSE
0.1500 ,LAP,0.0050 ,90,15,122875.5200 ,135577.8600 ,-15979.2300 ,FALSE
0.1500 ,LAP,0.0050 ,90,20,210822.7000 ,224374.5300 ,-30408.3100 ,TRUE
0.1500 ,LAP,0.0050 ,90,25,212711.7700 ,222498.3800 ,-25458.3500 ,TRUE
0.1500 ,LAP,0.0050 ,90,30,156210.0900 ,160021.3100 ,-23633.5000 ,FALSE
0.1500 ,LAP,0.0050 ,90,35,209883.5200 ,220092.5000 ,-28928.3200 ,TRUE
0.1500 ,LAP,0.0050 ,90,40,205279.1100 ,209641.2200 ,-19373.6200 ,TRUE
0.1500 ,LAP,0.0050 ,90,45,182373.2500 ,183232.4200 ,-22974.8000 ,FALSE
0.1500 ,LAP,0.0050 ,90,50,189340.8400 ,195717.7300 ,-24969.1300 ,TRUE
0.1500 ,LAP,0.0050 ,90,55,179195.5600 ,178365.4200 ,-23075.9500 ,TRUE
0.1500 ,LAP,0.0050 ,90,60,167393.6900 ,167662.3800 ,-20104.2200 ,TRUE
0.1500 ,LAP,0.0050 ,90,65,152148.4500 ,154376.0000 ,-14061.3900 ,TRUE
0.1500 ,LAP,0.0050 ,90,70,139203.7200 ,151877.5600 ,-11462.4000 ,TRUE
0.1500 ,LAP,0.0050 ,90,75,121914.8500 ,139726.1600 ,-9064.8000 ,FALSE
0.1500 ,LAP,0.0050 ,90,80,123969.6900 ,142430.2200 ,-7960.2600 ,TRUE
0.1500 ,LAP,0.0050 ,90,85,122158.4800 ,139679.5000 ,-7237.6000 ,TRUE
0.1500 ,LAP,0.0050 ,90,90,122842.2000 ,135644.1400 ,-6498.8800 ,TRUE
0.1750 ,LAP,0.0050 ,30,0,360909.5000 ,403458.1600 ,-54692.0500 ,TRUE
0.1750 ,LAP,0.0050 ,30,5,363320.0000 ,403784.8100 ,-44806.1400 ,TRUE
0.1750 ,LAP,0.0050 ,30,10,82946.0200 ,93603.2800 ,-13221.6800 ,FALSE
0.1750 ,LAP,0.0050 ,30,15,218936.0600 ,241568.7200 ,-28471.3300 ,FALSE
0.1750 ,LAP,0.0050 ,30,20,375637.8800 ,399784.0600 ,-54180.6600 ,TRUE
0.1750 ,LAP,0.0050 ,30,25,379003.6600 ,396441.1900 ,-45360.9500 ,TRUE
0.1750 ,LAP,0.0050 ,30,30,278330.6600 ,285121.3800 ,-42109.5000 ,FALSE
0.1750 ,LAP,0.0050 ,30,35,373964.4100 ,392154.4700 ,-51543.6400 ,TRUE
0.1750 ,LAP,0.0050 ,30,40,365760.3800 ,373532.6600 ,-34519.3600 ,TRUE
0.1750 ,LAP,0.0050 ,30,45,324947.4100 ,326478.2800 ,-40935.8400 ,FALSE
0.1750 ,LAP,0.0050 ,30,50,337362.0600 ,348724.2500 ,-44489.2800 ,TRUE
0.1750 ,LAP,0.0050 ,30,55,319285.4700 ,317806.3800 ,-41116.0700 ,TRUE
0.1750 ,LAP,0.0050 ,30,60,298257.3100 ,298736.0000 ,-35821.1200 ,TRUE
0.1750 ,LAP,0.0050 ,30,65,271093.7200 ,275062.7200 ,-25054.1800 ,TRUE
0.1750 ,LAP,0.0050 ,30,70,248029.2000 ,270611.0600 ,-20423.3700 ,TRUE
0.1750 ,LAP,0.0050 ,30,75,217224.3400 ,248960.0300 ,-16151.4000 ,FALSE
0.1750 ,LAP,0.0050 ,30,80,220885.6200 ,253778.0800 ,-14183.3700 ,TRUE
0.1750 ,LAP,0.0050 ,30,85,217658.4800 ,248876.9100 ,-12895.7500 ,TRUE
0.1750 ,LAP,0.0050 ,30,90,218876.7000 ,241686.8100 ,-11579.5100 ,TRUE
0.1750 ,LAP,0.0050 ,50,0,134312.3100 ,150146.7700 ,-20353.6200 ,TRUE
0.1750 ,LAP,0.0050 ,50,5,135209.3800 ,150268.3400 ,-16674.5900 ,TRUE
0.1750 ,LAP,0.0050 ,50,10,30868.3200 ,34834.4200 ,-4920.4400 ,FALSE
0.1750 ,LAP,0.0050 ,50,15,81476.9500 ,89899.7000 ,-10595.5900 ,FALSE
0.1750 ,LAP,0.0050 ,50,20,139793.4700 ,148779.4700 ,-20163.3100 ,TRUE
0.1750 ,LAP,0.0050 ,50,25,141046.0800 ,147535.4200 ,-16881.0600 ,TRUE
0.1750 ,LAP,0.0050 ,50,30,103580.6300 ,106107.8000 ,-15671.0300 ,FALSE
0.1750 ,LAP,0.0050 ,50,35,139170.6900 ,145940.1200 ,-19181.9400 ,TRUE
0.1750 ,LAP,0.0050 ,50,40,136117.5600 ,139010.0300 ,-12846.3700 ,TRUE
0.1750 ,LAP,0.0050 ,50,45,120929.0400 ,121498.7500 ,-15234.2600 ,FALSE
0.1750 ,LAP,0.0050 ,50,50,125549.1500 ,129777.5700 ,-16556.6700 ,TRUE
0.1750 ,LAP,0.0050 ,50,55,118821.9500 ,118271.5100 ,-15301.3300 ,TRUE
0.1750 ,LAP,0.0050 ,50,60,110996.3100 ,111174.4800 ,-13330.8100 ,TRUE
0.1750 ,LAP,0.0050 ,50,65,100887.4200 ,102364.4700 ,-9323.9000 ,TRUE
0.1750 ,LAP,0.0050 ,50,70,92303.9500 ,100707.8000 ,-7600.5500 ,TRUE
0.1750 ,LAP,0.0050 ,50,75,80839.9500 ,92650.3700 ,-6010.7400 ,FALSE
0.1750 ,LAP,0.0050 ,50,80,82202.4900 ,94443.4100 ,-5278.3300 ,TRUE
0.1750 ,LAP,0.0050 ,50,85,81001.5200 ,92619.4400 ,-4799.1500 ,TRUE
0.1750 ,LAP,0.0050 ,50,90,81454.8800 ,89943.6400 ,-4309.3100 ,TRUE
0.1750 ,LAP,0.0050 ,70,0,319867.5900 ,357577.6600 ,-48472.5800 ,TRUE
0.1750 ,LAP,0.0050 ,70,5,322003.9700 ,357867.1900 ,-39710.8800 ,TRUE
0.1750 ,LAP,0.0050 ,70,10,73513.5500 ,82958.9100 ,-11718.1300 ,FALSE
0.1750 ,LAP,0.0050 ,70,15,194039.0800 ,214098.0200 ,-25233.6300 ,FALSE
0.1750 ,LAP,0.0050 ,70,20,332921.0300 ,354321.4400 ,-48019.3400 ,TRUE
0.1750 ,LAP,0.0050 ,70,25,335904.1600 ,351358.6900 ,-40202.6000 ,TRUE
0.1750 ,LAP,0.0050 ,70,30,246679.4400 ,252697.9200 ,-37320.8900 ,FALSE
0.1750 ,LAP,0.0050 ,70,35,331437.9400 ,347559.4400 ,-45682.2000 ,TRUE
0.1750 ,LAP,0.0050 ,70,40,324166.8800 ,331055.2800 ,-30593.8900 ,TRUE
0.1750 ,LAP,0.0050 ,70,45,287995.0300 ,289351.8100 ,-36280.7000 ,FALSE
0.1750 ,LAP,0.0050 ,70,50,298997.9700 ,309068.0000 ,-39430.0400 ,TRUE
0.1750 ,LAP,0.0050 ,70,55,282976.9400 ,281666.0600 ,-36440.4300 ,TRUE
0.1750 ,LAP,0.0050 ,70,60,264340.0300 ,264764.3400 ,-31747.6100 ,TRUE
0.1750 ,LAP,0.0050 ,70,65,240265.4800 ,243783.1100 ,-22205.0700 ,TRUE
0.1750 ,LAP,0.0050 ,70,70,219823.8000 ,239837.7000 ,-18100.8600 ,TRUE
0.1750 ,LAP,0.0050 ,70,75,192522.0300 ,220648.7800 ,-14314.7000 ,FALSE
0.1750 ,LAP,0.0050 ,70,80,195766.9400 ,224918.9400 ,-12570.4600 ,TRUE
0.1750 ,LAP,0.0050 ,70,85,192906.8000 ,220575.1200 ,-11429.2700 ,TRUE
0.1750 ,LAP,0.0050 ,70,90,193986.4800 ,214202.6700 ,-10262.7100 ,TRUE
0.1750 ,LAP,0.0050 ,90,0,354824.9400 ,396656.2500 ,-53770.0000 ,TRUE
0.1750 ,LAP,0.0050 ,90,5,357194.8100 ,396977.3800 ,-44050.7600 ,TRUE
0.1750 ,LAP,0.0050 ,90,10,81547.6300 ,92025.2300 ,-12998.7700 ,FALSE
0.1750 ,LAP,0.0050 ,90,15,215245.0300 ,237496.1200 ,-27991.3400 ,FALSE
0.1750 ,LAP,0.0050 ,90,20,369304.9700 ,393044.1200 ,-53267.2300 ,TRUE
0.1750 ,LAP,0.0050 ,90,25,372614.0600 ,389757.5900 ,-44596.2100 ,TRUE
0.1750 ,LAP,0.0050 ,90,30,273638.2800 ,280314.5300 ,-41399.5700 ,FALSE
0.1750 ,LAP,0.0050 ,90,35,367659.7200 ,385543.1600 ,-50674.6700 ,TRUE
0.1750 ,LAP,0.0050 ,90,40,359594.0300 ,367235.3100 ,-33937.4000 ,TRUE
0.1750 ,LAP,0.0050 ,90,45,319469.1200 ,320974.1900 ,-40245.7100 ,FALSE
0.1750 ,LAP,0.0050 ,90,50,331674.5000 ,342845.0900 ,-43739.2300 ,TRUE
0.1750 ,LAP,0.0050 ,90,55,313902.6200 ,312448.4700 ,-40422.8900 ,TRUE
0.1750 ,LAP,0.0050 ,90,60,293228.9700 ,293699.5900 ,-35217.2100 ,TRUE
0.1750 ,LAP,0.0050 ,90,65,266523.3800 ,270425.4100 ,-24631.7900 ,TRUE
0.1750 ,LAP,0.0050 ,90,70,243847.6600 ,266048.8400 ,-20079.0500 ,TRUE
0.1750 ,LAP,0.0050 ,90,75,213562.1700 ,244762.8100 ,-15879.1100 ,FALSE
0.1750 ,LAP,0.0050 ,90,80,217161.7000 ,249499.6400 ,-13944.2500 ,TRUE
0.1750 ,LAP,0.0050 ,90,85,213988.9800 ,244681.1100 ,-12678.3400 ,TRUE
0.1750 ,LAP,0.0050 ,90,90,215186.6700 ,237612.2200 ,-11384.2900 ,TRUE
